date,AQI,PM25,temp,humidity
2021-01-01,103.97371322408986,45.78755159939395,13.987232587538427,79.27657732636783
2021-01-02,98.3924999209705,42.130901017126504,14.784407280253793,82.41736335975266
2021-01-03,104.17888998615322,41.850447104221814,13.81611091258242,83.75325740713211
2021-01-04,110.68069387961162,42.33146721872793,14.548723175233631,90.64973113490532
2021-01-05,96.12276025820378,40.54377404412228,12.178535557116636,86.64596242666714
2021-01-06,95.62303545735824,39.42967033920855,15.349555161582545,80.9565370420464
2021-01-07,109.63074169072618,46.53787633637368,15.044441653751168,86.40481706736811
2021-01-08,102.63834159134781,42.960852041585035,13.832377273735794,80.2855752577623
2021-01-09,92.24596186924256,40.04704289365503,16.064608885590825,88.15339768298345
2021-01-10,99.84635086389441,38.332834710876064,16.502173881130258,83.46685270118334
2021-01-11,91.30401428220614,40.47378790978543,12.706899349398054,84.57129250134308
2021-01-12,90.79252584130579,36.909809150599514,13.998907985206674,88.79864600130658
2021-01-13,95.9627433566499,44.610879960535755,14.016365835583732,80.92591009391641
2021-01-14,78.23130784780784,29.224959684854433,13.789629090279144,80.55929076723298
2021-01-15,79.25068456992744,36.908165237466726,16.47541184783402,82.9602025397915
2021-01-16,88.06632613781184,35.820262805512684,14.974478282998575,87.78361468911072
2021-01-17,83.9788465515417,31.637284609773335,14.904755118400894,80.06505254811096
2021-01-18,94.11476092959919,36.19424686967671,12.334324946549556,76.07838508921868
2021-01-19,83.85844092641192,32.58233444598181,16.33410643947066,83.17029918207699
2021-01-20,79.34876582383201,33.01200416873856,13.56521038311119,86.12509993049352
2021-01-21,101.89980346384934,42.32842784964624,15.559360405296715,88.01395842434495
2021-01-22,87.8988212461319,33.43842848663703,15.933121812432102,82.96419540687528
2021-01-23,89.77881968111353,35.83846409566246,17.607856602532582,83.05713429268373
2021-01-24,77.37745766832948,37.377794143167385,13.655653010597431,87.68809769117212
2021-01-25,83.96065888797972,38.766893065494024,11.143817460130464,78.5494177835866
2021-01-26,88.74694801468479,36.80775021489601,16.005233218414517,82.922614047846
2021-01-27,78.19917399449903,31.393680032304214,18.488753299211208,84.58628851109401
2021-01-28,89.96410929995847,36.34573770013817,17.707070757255103,85.28684212904767
2021-01-29,81.70880277398446,34.52407502778503,16.225924150638836,82.33128613576874
2021-01-30,83.73987023361558,30.427570397851014,15.238865043944823,83.8829238821264
2021-01-31,80.82353104781596,31.55728280685635,17.25396878018308,76.23091183322714
2021-02-01,100.02356262597385,35.00367282875678,14.65199257333134,81.63486492188841
2021-02-02,84.67003446161051,35.06568315246004,16.897916485223856,84.88130134867649
2021-02-03,75.8936529176993,32.29904898618794,17.01467293991168,80.48253327078379
2021-02-04,90.51781041230743,34.75756477802485,17.92186868653976,83.51251038315449
2021-02-05,73.75772363702382,34.22504974467962,20.548106012306185,84.57984755998363
2021-02-06,84.78744109696457,30.237679449778803,17.076255202702406,82.11281333250888
2021-02-07,67.03639395569446,22.421432941648327,15.805130866776182,83.55067093131792
2021-02-08,71.69077607592934,29.349665886051653,16.61306566009483,80.04751839366764
2021-02-09,83.49907301931256,36.54092411556149,14.08254531324982,82.20996719768249
2021-02-10,87.44536421385857,40.02992875991704,15.780677627373096,84.55221435375931
2021-02-11,82.52767503408595,31.634417225027562,16.297242273544146,83.08196146951306
2021-02-12,79.85640582425636,35.17860482999643,16.21525619346156,80.73867020335388
2021-02-13,78.00350751594297,31.08587759787507,17.32192147602573,83.05591275290344
2021-02-14,68.22090172101124,26.77047878858204,15.953509903278174,84.40990461959551
2021-02-15,73.9331721969686,32.22424869124746,18.96415891264302,75.99691002469717
2021-02-16,75.65588185455915,32.21932137706392,17.38009080402404,85.50249693655927
2021-02-17,87.45336236657967,30.252168475679124,17.464662412348304,80.8929696663865
2021-02-18,81.40715634834885,36.99248358851723,17.08723961285711,83.05261769018757
2021-02-19,64.2222518619372,29.829174807217235,17.913942842074174,85.24029475057856
2021-02-20,80.59424825155224,30.361011196092306,19.022455429971753,77.40396886709573
2021-02-21,74.60266271591709,31.028475686679066,16.589309300021434,79.25917121323262
2021-02-22,71.95652924620985,30.26470225733216,17.009540682505143,80.38845964222536
2021-02-23,81.96083640381943,33.56635585899949,17.649319746685208,78.76760344931395
2021-02-24,85.01797434553814,32.356274276678995,16.195746299542847,86.18661887156959
2021-02-25,83.9298950085346,31.557087899599686,17.096727821390807,78.27266545480332
2021-02-26,69.4828040559873,27.716459409420583,17.723730348148713,79.03578258845728
2021-02-27,73.44703805807191,32.89700228100686,19.863444277812736,81.17334146137938
2021-02-28,78.30242615306504,32.95177092500931,19.060819428255037,76.80982962833154
2021-03-01,83.19573415703893,32.16645066655725,19.07376319791234,79.08373495115492
2021-03-02,71.3045882498645,30.836931431890832,20.17737564622457,81.07607390503476
2021-03-03,73.40695346071747,20.817153522396765,18.81383600614346,78.97655167592427
2021-03-04,65.80349998455542,29.76769709493848,19.72563534080359,79.54491684091234
2021-03-05,64.85426765499969,20.72256572566558,19.106293633337238,78.08559583423491
2021-03-06,80.7017271463281,31.19336803432184,19.78146589264101,74.97731111178075
2021-03-07,84.83697011497526,30.57577836211167,18.632652157934114,80.33129195357836
2021-03-08,73.20449563426924,25.397753826544978,15.972967296216641,84.47580792290262
2021-03-09,81.61042954358219,36.12665217956844,19.555175429840563,79.10946217595028
2021-03-10,76.28497058990307,29.110884632025556,22.017078607903606,79.57209684705052
2021-03-11,68.04882749181914,28.2590426419198,21.39956538503864,80.81536541325528
2021-03-12,75.9270990304306,30.23007787553469,21.586510316221755,74.76899089869116
2021-03-13,85.17467685953696,35.500993225484144,22.12162992936648,83.52325166606738
2021-03-14,72.42658114538719,29.201098131335645,20.530249708746314,78.8604072363882
2021-03-15,85.08154985375353,30.183643268935707,20.823837606108814,82.9857406410168
2021-03-16,51.46610548063599,23.575242650595815,19.73271947178169,75.72690436976151
2021-03-17,78.8674526449589,30.065711308499623,20.317114931179674,83.21515549864817
2021-03-18,72.86531955740087,24.476382126981093,21.847562348098315,79.92058445280234
2021-03-19,69.66217969688401,26.580526395855866,22.86302887898574,79.08761747851644
2021-03-20,72.68224372828256,33.57517686321596,20.981905102412192,77.96323021814233
2021-03-21,55.95018462420934,24.930739076024217,20.650198935018494,76.34756060540714
2021-03-22,70.00463199035282,26.955896392917552,21.461179282518255,80.52611079512992
2021-03-23,74.53890228574743,28.767787801343683,22.497558200022247,77.17639451375842
2021-03-24,83.43390031734377,32.408654973285365,19.56574269497461,70.68438474026989
2021-03-25,67.40210964743648,33.19108780965711,18.4234062085578,73.06384356704942
2021-03-26,65.0266461555778,27.15646481892578,21.178360614668314,75.68725538228965
2021-03-27,67.43568272078143,28.26439802988578,20.30988058781546,77.0038104161383
2021-03-28,78.7369383484925,34.58562570149253,21.515776823280707,75.73275063361072
2021-03-29,74.01656599033912,30.32299387321519,22.19356848258917,79.38786366836177
2021-03-30,67.13017705651808,26.074944385145123,21.87279146566065,69.70586430889016
2021-03-31,75.46497546405267,29.596940638366135,24.868923054568725,75.81798661843723
2021-04-01,72.13491668673895,28.63916289645339,23.3179883674137,69.76122329820076
2021-04-02,79.11580409854378,31.534654929887985,23.41628323304629,77.32217226941495
2021-04-03,65.76745687072042,28.48987137919911,24.03659308466517,74.5875208959239
2021-04-04,68.78871080299352,27.671321978619307,21.53271276210411,75.95762686760328
2021-04-05,68.30815471880314,29.521182119167992,24.937238787709855,71.93513723500638
2021-04-06,59.78079201540771,23.67016706583734,23.402421165791342,78.19331030048009
2021-04-07,73.91063660533294,29.80016021308145,24.6591320885052,77.30841003887234
2021-04-08,73.69173930087464,23.482093666753535,22.182775260302737,75.76243152170694
2021-04-09,71.71467364658872,31.434852482742937,21.596838647739908,73.45210226345468
2021-04-10,69.87636749968166,28.990012427566647,25.29095213931111,75.40942479054344
2021-04-11,60.51820785812799,27.20131347283015,24.765057475903493,71.37876831259143
2021-04-12,68.57290943547873,18.74039763961043,22.98333567248069,75.89615072204094
2021-04-13,69.3020188399179,33.98593165030935,23.1674921913494,78.10845916639495
2021-04-14,65.73991764340889,25.877198172898034,26.295276617667234,76.2029261286312
2021-04-15,70.99095934926244,31.720932189917527,22.957668003871262,70.63396028661246
2021-04-16,75.64543753222105,27.13845723151183,27.339940546447224,73.73933805611522
2021-04-17,87.64294531055391,36.895499839409275,23.658589409106753,68.60867472987587
2021-04-18,74.09911265233684,26.479398371413772,26.10010232970997,74.03902788190528
2021-04-19,74.92049023778485,28.09688921302652,24.78194578462455,73.50821836577758
2021-04-20,72.43063941159393,34.714349826237935,26.311339607708852,66.38235290504683
2021-04-21,57.85063452889417,22.56820660926763,24.72135930554156,68.34273558237184
2021-04-22,73.17172136136031,29.920987164083297,25.42356087223705,70.81589552058682
2021-04-23,74.05708297234695,32.23303638100504,25.85855840510341,70.60094620606525
2021-04-24,93.4809156654396,38.87941193009365,24.422499004305944,67.7143439587709
2021-04-25,72.44410232766992,29.4288976464987,27.16475028026346,72.35004398538996
2021-04-26,76.61159668361383,31.739521680844206,25.410522164553072,71.77899268399597
2021-04-27,74.14590868127331,36.86861022822415,25.963328989253206,70.2844065262354
2021-04-28,65.30665838605996,25.949806963323233,24.9396114413871,68.44370612040008
2021-04-29,84.03917556584466,34.218967366482765,22.71152493664394,73.70233959820357
2021-04-30,81.16053136939618,35.616175735781304,26.391320271716577,75.36889394474385
2021-05-01,81.72969125894011,36.00845430245,30.418531708955776,68.79980482778988
2021-05-02,68.39052761717923,30.917301963552834,28.09713576327951,68.26321258424495
2021-05-03,87.1599224778233,36.78015965721687,27.01079786817057,71.42401244902078
2021-05-04,65.00237325201378,22.571934562614064,26.763614253431722,68.72847373920389
2021-05-05,81.19924689167213,37.37999335357214,27.308679305465898,69.23808281520051
2021-05-06,94.3227575007976,34.29006682126297,28.211422339040563,71.73052987232683
2021-05-07,69.17697532912908,28.57869652736873,25.73398657123608,63.64042449472894
2021-05-08,72.88038352670725,26.889325860624826,29.289815474417125,73.18199080904074
2021-05-09,78.52473445299471,31.217478741418905,28.803163532070492,69.30542712435225
2021-05-10,74.02364579052886,30.595745547121986,28.917727145752693,67.71495986982497
2021-05-11,65.97714885106146,27.354931186775406,28.60708483431462,68.54558350471062
2021-05-12,79.26894952440396,32.97334207246744,28.086252276039776,68.56625395318807
2021-05-13,70.56689388845686,33.06789136255869,29.172076759786634,63.35291495736972
2021-05-14,83.20573161611819,34.642895550989216,29.154933878196456,72.90079883537922
2021-05-15,72.41995781268369,28.235513219201533,27.839018594128714,68.41137732113654
2021-05-16,92.53977564457273,39.90817176269417,27.610952713651535,69.489812175096
2021-05-17,74.24570829307328,33.266694784003235,28.723794247667957,70.89088705575341
2021-05-18,78.31305662419629,27.64239920426754,30.992543653358457,64.8502458446745
2021-05-19,87.7817730044201,36.90490941131762,26.906676582950038,69.21374420156707
2021-05-20,71.81697027130495,30.83030633545468,26.658664674279972,66.87213601116784
2021-05-21,83.87986565252912,32.65925575093168,29.19997278082566,70.09927292693587
2021-05-22,92.91956843510397,41.29494781397644,29.12027806536547,61.06338459821871
2021-05-23,70.0106248585454,27.55408318232058,29.39328305095688,67.03612890627461
2021-05-24,84.76133357753055,34.28126279142685,29.58670697265177,65.41556656291183
2021-05-25,85.78268651724972,33.79385913404828,28.971637064691993,68.4137382935972
2021-05-26,90.38303825464799,36.1999524446036,31.625030140994042,68.42233883324096
2021-05-27,74.66302893639335,26.576386313871733,27.070779987284805,64.78695237178445
2021-05-28,74.43038626540324,25.452001858378416,28.309373556174272,64.67332954079107
2021-05-29,89.61007687485211,40.627545939615764,29.47527855717246,66.38030302258296
2021-05-30,88.2559014668832,32.761476541798295,27.241454425010943,63.92727626587663
2021-05-31,88.33429361016125,32.35954039569558,29.516545776494542,69.05054185742807
2021-06-01,89.55698121276748,29.362622144295848,32.34461321580006,65.32686843964763
2021-06-02,81.80483010628109,30.80504679944393,29.953787767349592,57.62596279840301
2021-06-03,89.5671456613246,31.857588884307344,30.336508187466674,65.13746279402378
2021-06-04,90.52210686848585,41.13488822780345,28.166137051887958,63.06388828790954
2021-06-05,82.93531517786262,36.20357733917295,29.195678499418197,61.205896789270405
2021-06-06,104.05297490098555,39.55673892486105,29.619152577787965,62.31028614998995
2021-06-07,93.39801052556501,44.11651162625893,29.76497287399683,66.27629351658493
2021-06-08,80.56126563028255,35.169802713087805,32.22146375627147,69.86217490503742
2021-06-09,95.83210795676403,37.358349032179746,31.19082434883657,66.74669372440883
2021-06-10,83.27371008446487,25.811266889165232,28.74021128214525,63.921242063414276
2021-06-11,97.862682325464,46.01790064795782,30.828070873044116,67.04482045376697
2021-06-12,101.33282768436966,36.36441367345708,31.25435175667209,64.23895515193438
2021-06-13,85.99973443389784,29.46369753268846,32.263723628455494,63.47432380416858
2021-06-14,100.77626026834223,43.378215403365814,32.968553772184016,62.039733567386726
2021-06-15,96.87834031476474,46.07059334492372,29.117092751100238,60.19484603119229
2021-06-16,100.66205351647191,44.41763986212032,29.46317525046245,64.23090198372422
2021-06-17,109.77188658689887,45.600481994916635,28.830546617158024,65.82801871284795
2021-06-18,93.14875218007151,39.04376389702446,30.401048817134775,65.02003073271128
2021-06-19,89.59847811575925,38.39963792264462,31.4844842595356,64.0209158438253
2021-06-20,89.03080965235448,37.88910963030209,32.29650971710111,62.39337689013783
2021-06-21,90.14089859403676,36.89993370952283,30.72982674742927,67.02004697143859
2021-06-22,96.5727713355029,38.94171184605679,30.389903065306612,61.21151130242414
2021-06-23,100.44260300797522,39.989261819491524,31.120900451506365,67.46150441261385
2021-06-24,100.45216309965649,37.918971473262566,29.661799279317894,62.10020690351617
2021-06-25,105.38264829633837,41.311034087935035,34.06772664173648,62.82592108894799
2021-06-26,99.39688756401506,34.67988458301987,28.538481102812337,60.66217862379119
2021-06-27,111.4498277804002,44.284912231775834,31.24128184765939,63.540579835198336
2021-06-28,98.23382362976515,36.32775613045332,34.011418688244575,67.95592567618378
2021-06-29,122.64264269943084,45.74628912812502,30.995684042614865,66.56502892061329
2021-06-30,106.41737449468683,43.10663225133517,30.7075343683156,67.9445251850618
2021-07-01,95.08590405957347,42.21036848286319,30.461165053868452,66.5697611526967
2021-07-02,93.90738284158317,40.31790295464021,30.72911615028651,61.689360923246234
2021-07-03,106.86573697635387,38.03479297967203,33.05897638494492,64.00800273585467
2021-07-04,101.74961368696991,37.730961065076954,27.67954032108983,62.6627361275425
2021-07-05,109.78044872065043,46.73449305222482,33.29274347276233,69.00098356109481
2021-07-06,108.38509211035493,40.406574663527046,28.84954854709965,61.427778716002486
2021-07-07,104.54677088355672,41.14480890343162,30.576030865548496,67.71108136891718
2021-07-08,98.88457557279158,41.20398652619029,30.32030434886781,67.72364788618155
2021-07-09,94.06883025400175,34.72249873700979,31.832802548145505,70.55139480078648
2021-07-10,103.14317855989408,41.57339794239551,28.536232031368698,63.854167023118606
2021-07-11,114.09303413005188,41.635137167266144,31.607772630885844,67.24382443903683
2021-07-12,109.47984322408003,41.987834357778375,33.92972789806353,71.97837618069995
2021-07-13,98.32498523996883,40.28933989841514,28.824913343299663,63.30998203146281
2021-07-14,110.19854701352966,39.300437604816864,31.12831253430865,60.5901876537866
2021-07-15,112.4160944289525,46.2878619854622,29.82253467552254,59.590584970504885
2021-07-16,102.78125356025224,41.053588027320856,31.423777507155652,67.40695271425137
2021-07-17,111.59842421995022,46.296839551231535,30.780800271918878,59.66045111858019
2021-07-18,111.3486075023812,45.211185403146466,29.75468304196348,64.2369010842738
2021-07-19,102.25114586131949,44.99287963444933,31.411269944584568,66.71261266451944
2021-07-20,114.76668646399395,46.28234809354131,33.34625620352216,66.00585906193719
2021-07-21,116.89750545703869,45.47078555943972,30.311387054740507,66.7791561646382
2021-07-22,121.57969744517115,48.998771487165314,31.633136983895866,66.22499447906057
2021-07-23,121.84683384444925,50.368627624888866,28.567109697120166,69.45282352253153
2021-07-24,102.89312004129935,41.30382822749686,29.023659140169094,62.82015872603847
2021-07-25,106.90671671487605,42.88446175956207,31.116007634371364,63.7097668126859
2021-07-26,119.02108353045635,45.502458348762275,32.58046180055283,63.48916196700142
2021-07-27,119.4990744798744,45.81092703929692,30.83241808694431,68.36682785588056
2021-07-28,119.99351481265813,43.789590109664175,29.771958473346448,68.64926386627121
2021-07-29,147.17555359389075,64.11895166711712,30.180884256408902,67.3762420226132
2021-07-30,121.39747804395225,44.82740151140705,28.244609010522836,69.65020523632302
2021-07-31,126.38747851982887,48.47627581454383,30.963157189179878,62.64539714831233
2021-08-01,125.40337850438951,48.006129605048216,31.31395642237376,71.2636012985426
2021-08-02,123.44658261201783,52.06340617564046,29.24432253565603,70.91664332150471
2021-08-03,116.17293098656602,45.58432335975033,29.147344745568777,68.64135603272722
2021-08-04,125.22188343703237,53.83197959283415,30.17914472762072,71.86998749738487
2021-08-05,113.41785468316218,43.346670000533265,29.0511580376813,61.64733332478893
2021-08-06,118.15138727664345,48.097537397328786,29.530961775457296,65.138954719467
2021-08-07,116.60353292777016,44.1353720113288,32.701701777094414,64.60394075127334
2021-08-08,121.57683897215306,55.066182972181394,29.101597403880586,69.07426802752256
2021-08-09,139.86929373343906,52.38492223628709,28.852724755059086,63.86178405232991
2021-08-10,106.83873477648417,43.664956041274756,28.335127738191463,69.3894348897072
2021-08-11,127.68629929420447,52.97585036047809,30.33706513303892,71.33563696225387
2021-08-12,109.70826277592803,45.12470240272571,28.861434294574117,69.41902050725041
2021-08-13,119.24259915332044,47.141176684695054,28.069886955099303,68.2963199302577
2021-08-14,132.1318990805233,52.46329753300905,30.934787567380404,64.59534057858414
2021-08-15,124.33083583046758,49.863768748124365,30.98935707967909,65.13450638548812
2021-08-16,115.58488699158326,45.79294879174784,27.864701847822833,71.54218522035139
2021-08-17,118.86850205255901,50.439038171408335,25.869203499074754,70.2517802290714
2021-08-18,130.4055278401947,58.793780140851936,30.082280339530364,67.91917918589864
2021-08-19,119.49724702231099,46.1264234539009,27.444410634356878,66.90707714645623
2021-08-20,127.43679751058215,46.865310065495635,29.556018059284405,62.20997680499056
2021-08-21,126.42806302867423,50.30637906641593,25.312056951016636,65.20342689696619
2021-08-22,121.20235410136824,56.22006965351026,29.501680913285362,74.28077612912368
2021-08-23,143.91158746912734,55.153611283741746,26.24006939557762,64.83759917511911
2021-08-24,132.16937635943407,57.78510096010584,29.045517404699815,69.3817254310382
2021-08-25,111.22788876376116,49.52425794773379,27.861858158945445,71.97177122309711
2021-08-26,129.2445914663423,50.03707186141295,26.29918242981366,65.32261754735734
2021-08-27,122.77542339880394,50.8171185970774,27.00777846302365,69.78121525882598
2021-08-28,135.19868122867567,58.96466236085588,28.5346834796344,72.18223936978278
2021-08-29,122.3412020787011,47.79909760851798,27.549585345950607,69.54906838287455
2021-08-30,128.05819880747532,50.61253844268305,28.15159993695655,78.26148358419053
2021-08-31,133.3031969579721,51.57623604134291,30.122611374017353,64.79676410181027
2021-09-01,136.46895404350695,51.543311425324184,24.693326020205586,73.12657504243644
2021-09-02,120.2124819684971,46.13716015220083,29.34604819388541,69.58130812352002
2021-09-03,127.40303491115715,47.2893931641761,26.95614248282122,72.56624974383952
2021-09-04,126.53585088329082,50.71659075809401,25.329685843132147,71.72659406057669
2021-09-05,125.35725357016626,47.83298173489058,24.55955498622842,68.35674962762388
2021-09-06,144.94803171571303,58.68057042165746,26.14745491713432,71.39806979825319
2021-09-07,134.29673132925288,49.05100559309027,27.688704030149925,65.2935095679761
2021-09-08,121.19419090085519,49.47031705698545,25.98901883369415,72.83431435888862
2021-09-09,138.84038601099977,58.03674128922668,28.32024615750429,72.077583195305
2021-09-10,148.68275129102423,53.491893588695326,23.749016652900814,73.25875527095663
2021-09-11,140.1649612720709,57.18815421837108,25.779046220240744,74.67788042274917
2021-09-12,119.94168838789435,51.65968233257762,23.78916006472582,72.76817173144727
2021-09-13,128.40580364626396,47.73339840243197,26.082978132650297,72.27235537350377
2021-09-14,142.5895629362502,62.053542335013184,26.736889546231293,69.34859691365945
2021-09-15,126.95903764352751,52.040672085509144,24.64373080772645,70.0197458362428
2021-09-16,136.32854575596815,52.41638273511204,21.236193656356697,75.88206080891025
2021-09-17,139.1240948070455,55.48233068984509,25.307942731273297,76.79710557826975
2021-09-18,125.65200603015107,51.93578314962559,25.531038944163548,71.94075479535972
2021-09-19,132.72303258939553,53.317229209995446,25.3482279756148,72.9607759377945
2021-09-20,107.39220596274606,44.57315036243753,26.46079772877831,70.27725132371235
2021-09-21,125.2416443776741,47.33463697183154,22.865406293787863,76.67828701922554
2021-09-22,131.5218632517336,53.11682777280168,25.35673716219263,75.32573421605414
2021-09-23,123.65704123023039,45.22167300137722,25.98920445547418,79.32309832594473
2021-09-24,146.78670634525074,58.3810043540542,21.396236276263796,71.03488370311882
2021-09-25,122.3655834633464,46.23451046094419,24.40695453564247,72.70663030699033
2021-09-26,130.35682746346907,49.93614115761833,23.03429136335147,74.706136380248
2021-09-27,134.98473070995286,57.70217180961246,23.531127152990916,76.12270465987308
2021-09-28,145.52175519254473,61.48263243880071,24.037582320902033,73.70791259286393
2021-09-29,122.54856332718455,50.846839693595356,22.647728260409128,71.90790284541458
2021-09-30,143.37578252194447,54.07337471476005,22.22740032003285,77.34301953830163
2021-10-01,134.17846334689793,52.722159989674765,23.154510994832105,77.03430312688666
2021-10-02,126.26176709781619,54.14399993906403,21.334702785335846,72.29421308127127
2021-10-03,137.81901198263202,55.55275553397252,21.199133527182443,79.28148937767871
2021-10-04,135.71412204592244,61.24363743831406,23.709281677297362,78.89781893651154
2021-10-05,129.31048677655576,52.904148228805425,20.82947302645719,75.96205939274941
2021-10-06,134.65234004733898,54.437083368405695,23.414707712179194,75.9697448861089
2021-10-07,130.9842502987105,51.4663507268767,22.9718740590326,77.56468941365813
2021-10-08,134.93888017303277,54.376174783559954,19.552239133500798,73.48870425587285
2021-10-09,139.28293089792558,55.2557628500286,20.987818910402208,76.33488707636013
2021-10-10,146.62034361601764,60.77246347647283,23.658841742834714,69.95825231834289
2021-10-11,123.96720853045404,52.45699036256537,20.259776622465402,79.21496078754015
2021-10-12,150.86274576407718,57.98712992410702,20.899141683164498,72.0708352368887
2021-10-13,118.10177099124755,43.24700953582569,22.153478684111207,81.4347753049953
2021-10-14,132.41546377917933,47.45756939236185,22.5005685962195,76.10278617773113
2021-10-15,138.23886061635852,56.819518227281044,20.813766186866953,76.62615590928934
2021-10-16,135.6741769217498,50.959570950178296,20.16093693119505,75.54529550270584
2021-10-17,128.32994131042025,44.873304745310655,23.057460415989368,76.73100134893177
2021-10-18,131.52326986766516,53.77504376065896,23.39957371091662,82.0165637664188
2021-10-19,129.11240668985585,59.12396122824071,22.12748439110591,70.46257738672824
2021-10-20,128.20116181768532,51.26225199245445,20.655841258847957,81.92106610201404
2021-10-21,139.56410779838185,58.341115442707675,19.184864739842773,79.26749129042493
2021-10-22,135.46622004039165,54.431976091799356,19.021767236822303,74.79464274810691
2021-10-23,126.90126953203195,50.46383885323935,20.922185247233635,75.35104520918355
2021-10-24,139.46749395528633,58.544227031077845,20.63783961300927,83.7663762295293
2021-10-25,134.54699425797136,52.9479740706226,21.985354293173344,76.05978385547968
2021-10-26,138.40121107074617,56.16266137051418,20.73226931192423,75.5942057518121
2021-10-27,136.73693460895748,55.65986726217103,17.37657258099156,82.62295233505507
2021-10-28,124.86147050669523,47.940316841748945,21.084711570935866,80.38217094841838
2021-10-29,126.79751159173023,53.69513168530166,17.88633142756995,76.70694530971383
2021-10-30,137.03490867382155,54.2890841994424,18.685169354807456,80.32346709779388
2021-10-31,135.70926282734456,52.01646965245929,19.5152383752878,76.74781936669135
2021-11-01,130.42104245473928,53.77794651260693,22.013394923418502,83.27759708433962
2021-11-02,131.28111739432393,49.817043012356464,23.565906536980652,83.30782701590364
2021-11-03,140.31042650672785,56.20871407479853,19.69346291956529,81.86679568288955
2021-11-04,125.09559066795735,50.01087927725033,18.392182506671567,81.50126139030085
2021-11-05,133.93652246495915,56.8322956834784,19.353618979464468,85.84373874117257
2021-11-06,127.66639501924092,52.49065270633623,19.76954479727646,80.70148190908253
2021-11-07,127.2593767990577,50.82866984338765,17.844613172637263,77.29735936002129
2021-11-08,137.5007171308075,57.45358574992386,20.907369718621155,82.33023088255608
2021-11-09,135.01638517929223,58.177176718768834,18.45001492863731,87.37700516129858
2021-11-10,134.6166523198281,55.52009184698682,18.743330049755127,78.2098272502949
2021-11-11,138.24098997846752,55.32745385091716,18.888891001669478,80.30310592043331
2021-11-12,127.64693471714868,47.123265189809,18.417187948891982,82.76832807309148
2021-11-13,132.6095311460011,49.84847146917433,18.939567566990124,81.48683943262566
2021-11-14,124.34013639593167,48.82038044530867,16.653201907806107,78.82923714933494
2021-11-15,129.07742674355967,49.80243409094602,16.641160263137177,85.26730745112114
2021-11-16,125.09834402330156,49.47842370036429,15.729548857189204,88.98539690774334
2021-11-17,126.564522336296,50.79575870920972,17.94186475758665,82.73512823750133
2021-11-18,130.19265904002518,53.666141879080264,18.35554455711965,79.55387037847765
2021-11-19,118.52237793395544,47.197454839404905,17.780048467202977,77.73638196487065
2021-11-20,141.4379866026019,58.03469957251937,19.513127440384764,83.27219195570922
2021-11-21,116.2756126439167,46.70366830199705,16.90277190247024,85.9226746165565
2021-11-22,114.22934000428336,39.76533630265173,17.825859807395453,84.14706908447779
2021-11-23,132.8211843361215,50.310467552992336,15.098607856374526,82.82258951401406
2021-11-24,129.49751756506723,51.36674435886204,16.07077757467122,81.16790113415355
2021-11-25,127.75968407016512,47.47478939954273,17.6118829416861,79.76278872017394
2021-11-26,127.39071221766822,52.75607107705591,17.761284418048977,85.64471491405682
2021-11-27,121.85803346091319,53.33546588139637,15.967665532443297,85.9805449217323
2021-11-28,114.36499439311191,49.40228331233671,16.224154947504342,78.6983683583135
2021-11-29,121.7315765966838,48.052302025882895,13.979657081140521,88.19893230808988
2021-11-30,115.28517452886965,50.58624822209772,15.647836029979612,85.2429888736951
2021-12-01,128.07610119792014,51.67644285077439,17.447886618167722,87.80839409432733
2021-12-02,118.66683748281226,46.45547707977079,16.90609240938696,79.66951064801076
2021-12-03,112.80308267417858,43.28102507904861,16.72731790446471,79.68212838076256
2021-12-04,116.39548145392163,45.65078352210427,15.986095558498338,83.4137982860395
2021-12-05,121.82540696149239,47.56563232897327,15.85924596578821,85.44753924587815
2021-12-06,113.56356144417123,45.93667324479496,14.79750481773476,89.40409931009972
2021-12-07,111.0431500189432,44.89898195072688,16.77770153158778,86.20641311484043
2021-12-08,119.11425748823466,47.65484105575411,16.30454511044579,83.43059905223676
2021-12-09,118.66476989131314,48.77672246576431,16.356911881265297,81.1472878654072
2021-12-10,112.1863410339013,48.44647523791954,14.777816444773237,87.98141583218919
2021-12-11,112.00714238550972,47.65151936052786,12.28704202568795,81.45956321587934
2021-12-12,117.16226666686467,42.41021276139615,17.11519052752777,89.29857883944543
2021-12-13,103.24861031398756,33.63768072088916,14.705841791378793,83.61672358194123
2021-12-14,103.09813675488647,44.04221443567241,14.086815748092139,89.29552197515753
2021-12-15,108.13214444162406,39.15222168140336,16.38033686103068,86.61164575372823
2021-12-16,111.6914077525686,44.00226689534939,14.713508420488116,84.2121043062141
2021-12-17,115.40311463352494,42.6509067752319,16.855122067227715,83.11028902057438
2021-12-18,124.23330298604519,44.287379881678014,16.156708509301442,83.68827688679127
2021-12-19,118.80420766102642,49.146071249024935,16.22483772674316,86.03559539969766
2021-12-20,110.17392705665151,46.34703630356855,13.121145793463876,85.0188702883223
2021-12-21,110.80998694739112,42.5944635767763,16.960911131135596,83.0398218344739
2021-12-22,102.4488897386722,33.20642901903415,15.510114942802298,84.35530683660771
2021-12-23,109.82650487733464,42.291868606176415,14.541902965821116,85.11595774579443
2021-12-24,107.16945441239719,44.043193781166515,15.290823083955594,78.51912223807778
2021-12-25,111.56336520506066,40.18861137570188,12.3936573709906,86.3019915689435
2021-12-26,101.86559376539488,41.29631726549542,15.655612657928838,82.00754452496479
2021-12-27,112.13912148145822,44.809719045064305,13.48555733825003,81.50298453972886
2021-12-28,119.74640452851071,49.63643631020755,12.989952128782011,79.91427001173373
2021-12-29,106.1139442644782,42.804318811033745,12.727126690365356,79.60499066928108
2021-12-30,109.69679257592433,40.95951020772507,16.67377335656725,80.92773149806018
2021-12-31,111.5030180838294,48.19092173852524,14.057290195787887,82.87145551919969
2022-01-01,102.27071670539381,40.43269796307661,17.30059156487475,90.8597774125797
2022-01-02,106.7718346653038,42.62682024759172,14.197483091748623,83.42087936440555
2022-01-03,104.57860136808249,39.03163667001341,12.443703857692942,85.52732432620114
2022-01-04,104.75834429721861,40.57349096531292,13.335878809769204,86.18811232240374
2022-01-05,97.29238946562718,36.26254764417017,16.872674987557723,85.36949861171341
2022-01-06,103.1726929875037,40.75023901523121,14.795767333618135,84.73065136716811
2022-01-07,106.46150597711112,47.719727831271484,14.22020249597193,81.36082690831748
2022-01-08,113.58849310096535,41.319693811592074,15.298037559117262,89.28026986941504
2022-01-09,109.15640404588434,38.82187742472352,15.828414487193536,90.32691445223588
2022-01-10,118.21181065577963,51.698235244792684,16.771916898544113,79.83225057426893
2022-01-11,94.35305580208193,37.11325128937717,17.290987990790903,81.78011529490146
2022-01-12,106.97740944411372,40.78374556166574,14.603342184372366,83.981825031549
2022-01-13,100.97426171050888,43.50941874639179,13.18100783114162,81.89378741493859
2022-01-14,116.5364537512921,44.79773488130625,14.579286000257527,86.26854198293955
2022-01-15,92.064121427671,42.303677711709206,15.621620344810724,82.52618391160966
2022-01-16,91.32733211477394,38.56471045992738,13.819579101841862,91.16364633947259
2022-01-17,92.76683483114543,35.642999708021065,13.865801008024246,88.19473655757227
2022-01-18,80.09009695483903,38.50796342173212,15.855800315484514,85.21257397544704
2022-01-19,92.39707383761603,35.1416847660364,15.308000866801141,87.60473454726318
2022-01-20,90.05461462256524,38.24813196505402,15.473293468508777,87.78757880383269
2022-01-21,96.85824408476705,39.641175375126295,14.33171845784712,82.72133071095374
2022-01-22,97.91955993672195,43.07304784288518,15.171455334186161,81.90502775950559
2022-01-23,109.72844123781769,48.57591008530763,14.18051899237215,84.52584330294069
2022-01-24,101.85931434400604,40.83973818479972,16.954181225963282,86.81130386189871
2022-01-25,89.1809719193624,33.41213515670641,17.225959695947335,84.57582407863312
2022-01-26,86.15273040669948,35.84100859149714,12.960177107926835,79.35718692682204
2022-01-27,96.82295646640999,36.696036477307686,14.393720236656314,81.60654350946632
2022-01-28,81.87713997750843,38.791017733583246,13.603857345210823,83.71726737440943
2022-01-29,106.64606290065024,43.06803115350831,14.936399126116548,83.63370940236389
2022-01-30,100.98942167821261,39.29980401734872,15.851162367707351,89.6972273773783
2022-01-31,87.36425920929399,35.49974460131232,13.868817055679314,79.53793006626911
2022-02-01,76.98074139765578,26.750917690473223,14.729522153200076,85.12637788439757
2022-02-02,101.08947173331775,37.52094657779515,14.677443773067274,87.98811453599797
2022-02-03,88.91950206780604,39.169042550955695,16.56736869526015,90.24376460981621
2022-02-04,99.32046209175013,37.757501999785866,16.435570330845813,82.12236544883382
2022-02-05,76.24953204691758,27.359079870721214,15.326009623933686,84.71351841573613
2022-02-06,83.80201263377685,35.1307633110926,16.75286256014335,84.84974200667813
2022-02-07,88.23618502495859,38.85158647397243,15.748556178456532,83.62572481298808
2022-02-08,88.17258969771522,37.42589581108129,16.243944462893737,82.63918048580356
2022-02-09,83.80413984100609,36.509798993819885,19.246337306031304,84.13772720527076
2022-02-10,92.00091151315576,34.52997933955392,18.833438901692205,75.12482758933258
2022-02-11,78.0962458299859,26.973066331768834,14.961794075322407,84.65725105679564
2022-02-12,85.12303668367241,38.553215629335426,18.245987417182214,82.87679772303159
2022-02-13,86.85518261483296,33.77403352940677,18.310483999712535,81.71583884969627
2022-02-14,89.6450687969011,35.1055284693953,15.464744868722548,88.40666183484433
2022-02-15,90.86532536931786,40.33071257327432,18.510779377288603,80.12193180405795
2022-02-16,75.82433576801498,31.99842433540797,19.686678084265573,80.81604677449648
2022-02-17,72.20395167142385,30.249243984814363,15.794795684689602,87.87639378904393
2022-02-18,94.36010508746973,44.23904906969114,16.20282745610509,79.27996397591731
2022-02-19,86.46556568115632,32.6556715813221,19.207649016550956,79.99820813083325
2022-02-20,77.49416468442195,33.7811862580125,18.192050999208767,81.07791368849458
2022-02-21,95.57301724390827,38.40024627225456,18.71721903644707,83.90969766690391
2022-02-22,83.77778280348087,34.31688995798212,18.507599240718772,81.8775132519124
2022-02-23,91.98228404608358,41.37831889767102,18.690952671242428,77.24098797123045
2022-02-24,82.7906064973319,34.639749867801626,16.22484449228604,79.3853034546776
2022-02-25,98.44611793514137,40.99333541120545,19.89659117090523,79.02091843664704
2022-02-26,95.71975146179457,41.505422596647236,20.19244664710736,80.47075979124874
2022-02-27,79.40950435752949,30.66894355438314,18.207774390641607,81.83770534245993
2022-02-28,88.90536678995187,33.044517713963735,18.601762010031347,81.67089547422374
2022-03-01,86.03486121722172,31.279516904825588,16.48671707702744,74.94274182427851
2022-03-02,91.56751509336608,30.72793626921843,19.67241083699936,83.3155370839668
2022-03-03,72.65331806986767,35.22994861776803,19.87797985131377,80.73283942706168
2022-03-04,85.62307193707164,30.93960367766361,19.04665154041129,83.9786735603939
2022-03-05,88.37179702292224,34.68495793841158,20.947656302541734,81.00618715345205
2022-03-06,65.61208515627007,25.41439416284127,18.882306522071655,82.82469091253033
2022-03-07,70.00146226556295,28.922804999652485,20.353699033191887,80.76614825391103
2022-03-08,62.9471996653116,27.626091503742533,18.101696525593113,83.24968597656914
2022-03-09,76.90739216537001,33.34437733122724,19.72126594680866,80.62100919165331
2022-03-10,84.61270091637019,32.09584805084126,19.62142501689944,78.60255875597917
2022-03-11,90.70912242590887,35.782283829004314,20.348204164737652,85.55450130924534
2022-03-12,79.10917291020199,32.4914090155457,19.584123696084955,81.24409375517094
2022-03-13,91.37978917286003,35.805842290593375,20.070224953149648,80.1369409546918
2022-03-14,67.15285827302814,31.683180037271235,21.636334079466415,74.4245075975048
2022-03-15,64.41782157288073,27.240053484067047,19.8727176891431,74.22524709135885
2022-03-16,77.46016520266149,33.18869943921405,18.24933166382519,78.80414980275906
2022-03-17,80.84523668195203,34.32673847878305,23.415600071528385,78.1975333242794
2022-03-18,77.38786550722324,34.47556777534527,22.99608674147733,75.75275027567305
2022-03-19,60.9951821807724,24.941137548420084,19.11880818057409,77.85144531979554
2022-03-20,76.71567768037671,26.795775228283148,22.225636223801484,82.02703763921367
2022-03-21,66.89546041745814,27.95724802224118,20.5710206764686,79.17935388328138
2022-03-22,82.5998679641737,31.085876504293996,21.855618167229945,73.50149029045009
2022-03-23,80.09526816290871,30.452257219914213,22.037084270148814,76.42078842278546
2022-03-24,69.5721901492733,29.5879681159746,21.379913218700437,74.17069440847366
2022-03-25,72.91781653541258,32.88197582846594,20.69202913988406,75.25230320294476
2022-03-26,68.50136728409217,27.464361643845056,20.968354310431295,75.00394564197896
2022-03-27,76.42878677175283,31.49801374649802,20.76666135346483,74.64087671882962
2022-03-28,84.5353404513663,38.92078101445223,21.030253807406005,72.13710998439022
2022-03-29,68.98122922285778,28.314751227608816,22.314471525741343,75.34798725442622
2022-03-30,80.88111129127762,40.15749385905224,21.479024095529045,73.8773469904641
2022-03-31,72.59725553264678,30.73543114995335,23.71329985143153,66.59887673891494
2022-04-01,70.49579411433636,22.916029368267097,25.05874045351411,81.3740770478672
2022-04-02,75.99088177512468,32.65637757336347,22.095491831574975,78.30934434561247
2022-04-03,68.58242352286473,28.576444563794226,23.462389119403138,73.74199486447492
2022-04-04,72.46129401347869,32.85377586763971,23.990490104229657,74.75525410075272
2022-04-05,67.34247728363009,28.95653496726191,24.086574512958364,71.011823074823
2022-04-06,92.68719314427625,36.65950930575918,23.630000497468668,79.44208413893944
2022-04-07,77.30426328507065,27.248810605160163,24.767434790182964,79.87510213101511
2022-04-08,71.48597353997532,27.967319644132054,24.51393453888396,74.48187979741085
2022-04-09,78.86608575980331,28.994872941293426,22.070983163273056,76.91124593660102
2022-04-10,76.33492064963669,28.792397910440506,25.367851748857476,74.19571327145981
2022-04-11,75.553897478746,31.987294204760225,25.53137944265733,69.48926969992569
2022-04-12,82.3318860984295,37.942467952426014,23.19148384774909,72.09401363808783
2022-04-13,83.58427713299098,34.61772544266534,24.52889356643283,73.5558003837391
2022-04-14,73.3946070967781,25.77019365260569,25.632117930261686,71.6274512924633
2022-04-15,73.15517959791354,30.59587984382584,24.427815113803206,72.16680786372957
2022-04-16,75.69309758097206,33.86713349232578,26.485398188212297,72.38088743176856
2022-04-17,59.61856926346546,22.018078992428038,28.555329253007592,72.24546386755543
2022-04-18,66.0614421325742,26.022525353010927,23.963535392344916,72.47863241987072
2022-04-19,89.27556173203942,35.75428927700336,23.20330659351737,68.97459292800016
2022-04-20,91.66642892621402,34.31187663123889,25.862286354492653,69.84075347625951
2022-04-21,76.68899641531596,32.62043986765796,26.619874066402062,67.97433431700904
2022-04-22,83.47676854988065,33.027862974128915,25.321450670578333,74.59875885987674
2022-04-23,81.5457230096475,33.876886535580084,27.97707063699138,65.18658462196674
2022-04-24,103.8865057136797,38.89212575206558,23.917871488393278,74.80354579497809
2022-04-25,88.420069817876,34.05565302618017,27.09289169668068,75.34215598912195
2022-04-26,78.65635769357924,33.62968715091501,25.271551283122097,70.11803009622659
2022-04-27,72.25975979459233,27.78540446156163,28.885295721574177,63.05780265868906
2022-04-28,67.28499260543614,32.09488859587467,29.419908533052055,69.62714893497328
2022-04-29,82.00478261714275,31.603004490013294,25.405040543161878,70.36366573508741
2022-04-30,74.57474162610805,30.50395082769888,25.853526211753962,67.37087794569221
2022-05-01,69.5038864862948,30.599327090137194,28.088990407006104,68.70483409790477
2022-05-02,75.97352466207742,26.134312666031875,26.33953335674821,74.69029893229946
2022-05-03,72.7656644418998,23.823839340817596,26.971571610873806,71.94517093969002
2022-05-04,95.19479531541302,33.500949182454924,27.19603312805774,67.02886953531055
2022-05-05,89.03798867734604,39.402947781219964,24.39547073195134,64.86347690840392
2022-05-06,82.2158118442653,31.230750300028784,27.3699870471364,68.53051846432349
2022-05-07,94.42129952177528,45.44311766571487,26.470614133103087,68.72812241919951
2022-05-08,83.51019230519084,31.71133412610417,26.878648698814157,70.71568139657268
2022-05-09,76.31773040214796,31.080746070450296,29.89553956411185,67.48143541366123
2022-05-10,95.71692412209619,42.91309950654211,25.955688215771907,70.4839380295971
2022-05-11,88.17421712954827,41.28796551629668,29.169179006221988,74.61874808755566
2022-05-12,75.90295697182455,36.54569351863901,27.638382894001072,71.12546895545931
2022-05-13,83.02309465407733,36.83433655341036,27.743144653092653,68.40225334571217
2022-05-14,77.89252662443916,34.22919822721005,29.452770521661957,67.86653273985962
2022-05-15,74.1934343193199,31.454954575331513,28.880156602393583,67.21738102178507
2022-05-16,93.03020126516597,39.547163734566304,29.327274868826173,71.70272852111033
2022-05-17,101.2675482360047,38.85346214541629,30.02328679557427,66.15429740617738
2022-05-18,75.18148864376909,27.617998807240713,28.1720508513407,68.04940134435535
2022-05-19,91.2578696394678,36.493024483554265,27.846982094669265,67.94692221010465
2022-05-20,81.93922473028246,32.2651360245382,27.232226783071937,66.16970670542962
2022-05-21,83.643663586059,32.09778128644178,27.71471572400245,63.4415639576341
2022-05-22,83.2037554874141,35.370664537335784,33.467588150544536,68.4139903701262
2022-05-23,81.43904505807717,35.441533648942396,31.000289925506454,67.15039989143226
2022-05-24,89.1529162133112,35.92638714420002,27.19416562647698,68.72474993857345
2022-05-25,82.53650371245448,37.44719172814757,27.322753511528845,65.51614852237725
2022-05-26,91.77259036714868,33.28396880445896,30.113034075668658,70.6746701675755
2022-05-27,89.63721022830538,35.273905713483,30.29303315106653,64.279508712615
2022-05-28,88.56293527562664,33.274707148442246,30.375444846320683,71.94597198537288
2022-05-29,83.65451553406463,27.862196362406678,29.247727007065485,61.46938959877017
2022-05-30,86.74633391695153,34.450491509252515,29.518056251737846,67.92151314149292
2022-05-31,97.85396109448075,38.77634191264245,30.272146669381684,67.95088281865155
2022-06-01,96.27321351826718,43.04963463703327,29.98124747664802,64.04781883716733
2022-06-02,84.90506640100108,35.85446161406477,26.593507475784346,67.62010926995097
2022-06-03,93.98425500795085,34.52114153019272,29.645757383025856,70.10048497316967
2022-06-04,99.66910454955121,45.42991951882305,28.77927454825636,59.529063232379265
2022-06-05,80.775364753583,35.97324698800926,30.383037739840177,67.60795865812568
2022-06-06,98.95414083134746,41.32794944294483,34.659835652178984,58.542753603667435
2022-06-07,89.78683756718442,35.23528273032427,30.79276801734263,63.0510736905164
2022-06-08,100.1369634371295,37.17646766468136,29.828703534507223,70.76375151499556
2022-06-09,89.95408631583372,34.86501419812033,31.736990010714763,64.06179420263773
2022-06-10,82.11258712144776,36.11128070769166,31.131430048364614,62.21911233483459
2022-06-11,84.02614647293957,39.264217506979655,31.08845544107387,65.08329468130081
2022-06-12,97.92922310608196,43.80141982724936,31.41729502375042,71.81994509708201
2022-06-13,100.12345347496385,38.58283312462672,33.63831541791791,60.06307817003994
2022-06-14,91.31519871403285,33.16722718574611,28.901410089342576,62.34889183716764
2022-06-15,104.16531304997224,42.08878396072251,31.350182154059226,69.94262750098633
2022-06-16,86.2738922188448,29.204238790849363,29.28988982230565,70.97378013401575
2022-06-17,99.54938481696921,40.78925706934203,31.55018237504332,65.04356457021672
2022-06-18,90.90420799047524,35.91887543729409,29.374048838566107,61.592743635176014
2022-06-19,95.89415904868237,36.95955411386822,30.15889647745847,71.55634713309486
2022-06-20,102.00659494037049,36.018528774347814,30.372873070860596,70.01394224747577
2022-06-21,95.2645544319691,39.64662209249679,32.30747836191012,67.23214935967037
2022-06-22,99.5936211374576,38.239345935997314,32.2473560161025,62.725700015451636
2022-06-23,111.24421016363809,40.98793355832437,29.02468739846368,64.98633264856932
2022-06-24,99.10398222931168,31.02480625187973,30.996914798262704,64.62577771716185
2022-06-25,110.93119968105182,44.28993515726882,29.86904877707056,66.07578071485383
2022-06-26,95.73569807221132,43.61103401889376,29.062215277476422,69.41553851003223
2022-06-27,109.5404690669444,48.79996527042137,30.63864540367925,67.68303739926745
2022-06-28,117.36410774141247,45.57435432680618,30.51328517671639,61.797860069795576
2022-06-29,86.58861384617606,32.82880935738508,34.625559005293155,69.14763400534004
2022-06-30,100.51735414928343,41.613264427938454,31.642032658858884,65.94865526901717
2022-07-01,112.04022200882854,41.82093248596654,28.930906936952734,67.06453090247165
2022-07-02,106.33064021820861,43.437631786741846,30.15254266667371,69.39999298667315
2022-07-03,111.45560512185932,46.8804828838978,32.53177861607422,61.66562966029669
2022-07-04,104.18591495633062,45.35516565418517,34.12999734738898,64.8958567787755
2022-07-05,110.24164354817736,43.79619518983109,28.613617952460906,63.41489519490005
2022-07-06,108.8342537111104,42.92268023391327,28.1655976980663,60.31456637918505
2022-07-07,119.9521391585706,45.34690790315856,33.7824571224578,66.07011823356461
2022-07-08,113.17477254422894,42.789267955572,31.54859224537216,72.57945593060852
2022-07-09,114.36890982857076,45.06812725572373,29.647533545674875,59.54230096212096
2022-07-10,108.90076292793104,44.66240169162095,31.735362188377973,64.98638496785868
2022-07-11,108.82147446336465,46.269343664045614,26.960892023237612,67.02848676552065
2022-07-12,109.78710824896189,41.505306447543724,30.898326723028998,65.50265527605197
2022-07-13,116.9269930891716,51.24886294254721,31.361406109453508,64.82352290471668
2022-07-14,110.9257042406386,43.556910893127736,32.2301584921998,61.29765930604621
2022-07-15,117.13223472677359,46.78879200766413,29.294664013778647,65.92897530104867
2022-07-16,131.93579991950529,50.53268493035864,30.913477439971135,62.9985246966196
2022-07-17,122.81810148032001,41.85451981130918,29.36394166670587,58.74013662782028
2022-07-18,113.75522997795093,48.15422818026353,31.09998903904142,68.93763490462875
2022-07-19,126.4851001017565,52.804571731979905,29.33644203373342,68.27583056292868
2022-07-20,114.12026507751575,44.80412335965167,30.027582780101714,65.6053153820007
2022-07-21,101.58671344515048,40.83565752973481,29.104019650146107,66.19004563670279
2022-07-22,110.33107749291018,45.680248650276376,31.530204433409082,68.7810789498047
2022-07-23,103.93056254044366,36.88458744551784,31.794695808911914,66.28924505292561
2022-07-24,116.58284759310607,45.045981005203544,30.10638285045999,68.38916053253881
2022-07-25,120.03714454819391,50.39765185814305,30.46475520999084,64.84830562543995
2022-07-26,133.7927803714698,49.75424387908018,28.181400635798568,69.74309151853573
2022-07-27,123.48468634317055,50.27454833376811,29.849483091755634,66.83860959809078
2022-07-28,119.60080957221926,43.77057841501749,30.16623859356857,66.53022393190365
2022-07-29,128.46942679860138,52.787060666741134,34.113136784818835,62.212382798521574
2022-07-30,104.62175196682429,41.74177633983727,28.45227007281617,66.96059179855835
2022-07-31,124.6683503437331,45.02194468977672,32.25265005777548,63.683654997958115
2022-08-01,129.4187664280201,55.26172463457955,31.485744989087358,64.34708078430371
2022-08-02,111.8872431158132,42.55112251593114,30.343412641640857,63.90080057141957
2022-08-03,133.3255977698247,50.89948179688674,32.490338693500725,63.2357852452923
2022-08-04,127.33858141352202,51.53714015710164,30.338485592052944,72.89890498012257
2022-08-05,121.75863356873683,52.14936547578088,30.289976435244093,70.61122013378746
2022-08-06,130.58867153989428,49.18800315902252,29.550479717869717,72.47340163468773
2022-08-07,144.13246465331866,57.83802541087138,31.387472416972578,63.14116607465251
2022-08-08,127.8572563780109,52.42935205219609,31.116839805715905,67.12359130598321
2022-08-09,128.81827037093413,53.60662497016309,28.451719051846606,63.131683395524064
2022-08-10,123.58244960137665,49.96230450638234,27.327569654746057,65.02986481010355
2022-08-11,120.8779432959705,47.250093801138235,28.91630621969553,64.469647580014
2022-08-12,134.7331567582797,51.41049204136572,27.9332127078048,71.0521638263231
2022-08-13,121.64986395284545,48.91837723027731,28.948659650658417,66.2563778249679
2022-08-14,129.47330468302002,48.57290483725119,30.808988720997093,70.76409860236843
2022-08-15,125.4758165840634,41.42627518314154,28.174000090278447,69.48742195262977
2022-08-16,133.51916430146937,54.71734513306075,28.70110212446352,74.70424476077577
2022-08-17,132.74070904941482,55.80808814302451,28.756047528328267,63.47540054793623
2022-08-18,138.74954588326096,48.411021046678876,29.84365612808291,71.81393746339167
2022-08-19,126.74052936569056,47.66701963214641,25.101021372019982,71.60012839495607
2022-08-20,129.02660979205987,53.468106699839545,27.460029218392304,65.36726391024358
2022-08-21,123.71385906366575,55.6580300346014,28.584138216003602,71.43738416243899
2022-08-22,128.34129128208636,51.39889763586077,29.9629033404767,69.55495375678318
2022-08-23,135.25891917936403,51.919558848058216,27.318973618239475,67.9965371082663
2022-08-24,138.63441359453324,54.90507611449878,25.134542167037218,66.34147950645897
2022-08-25,125.53218734408146,54.337504195077145,28.770015726140002,66.79211094916396
2022-08-26,140.19028478951262,54.138221378431446,26.77704797567019,75.23682183872198
2022-08-27,144.39529846787113,55.36054336719769,25.833832943778276,69.22913229135517
2022-08-28,137.16717425657598,53.4186391360843,26.568687709629515,71.71488276184519
2022-08-29,149.17621496710768,56.81050016206694,27.113955629793985,67.13887227215014
2022-08-30,128.2662572268624,51.67451383872935,26.367863469440522,67.31671557852529
2022-08-31,124.78654158011757,54.78865200745571,23.849601411595522,73.04851630619467
2022-09-01,120.79363097939222,49.286690211104975,28.385287733102867,65.9016608181302
2022-09-02,147.26368819733727,58.14841477255605,28.83254189335055,68.8540720319936
2022-09-03,140.79445052919772,55.44234640493246,27.77689156354566,70.35257151254619
2022-09-04,135.3712164857753,49.458914168220154,24.971333409979614,70.7367904109991
2022-09-05,138.30411692179504,57.9709761001595,26.252788123915625,70.0189383639054
2022-09-06,127.30096589555774,50.68687476718469,26.42135353045568,71.89853996416294
2022-09-07,156.1033739589803,61.89990984282025,27.2044204466061,72.94578118962438
2022-09-08,137.79551247181786,64.69752769226173,27.182853247337572,73.22848449355243
2022-09-09,137.8531292718812,56.03751043384953,24.95225306396553,68.22569637132993
2022-09-10,142.99211518659317,54.94147292435172,26.048773522598495,70.4903094712409
2022-09-11,141.2337935220359,55.21444462019774,26.483100248932693,75.08781403311852
2022-09-12,139.36820079023997,59.19261744368625,27.85148371456564,74.34925377353976
2022-09-13,131.43636106611194,52.91435565805808,26.594290118449933,67.70950875966575
2022-09-14,141.70650108032567,52.367766497178174,26.590143492148623,73.04624162469993
2022-09-15,153.1570698207585,64.02051473202901,25.40061344014208,66.22173237906551
2022-09-16,149.02183118051863,57.60430021559048,27.25820315910265,72.46266165455937
2022-09-17,151.15299587320646,66.08109167793523,25.624164705017805,78.18140041138973
2022-09-18,134.45820487180674,57.02342614586665,23.58429925130293,69.81140795248893
2022-09-19,130.7628773563018,50.963185255544474,26.846840798360052,70.31979855955993
2022-09-20,137.79652980298192,58.96166100639811,25.653979349853625,75.28318379341222
2022-09-21,139.36302528713847,55.9487766464376,23.807420781568727,68.53161193779425
2022-09-22,147.77642109112696,61.66888946181745,23.617173552918086,71.4312186553237
2022-09-23,125.5800701287111,51.68622650336786,24.645306504468365,75.28876942929874
2022-09-24,151.44429894996304,58.0386496150126,24.75889484517495,71.76699539158983
2022-09-25,138.02313177888,53.27860321459963,24.223415195210812,73.13274404241209
2022-09-26,135.94261527794606,57.46692856392191,24.2575241200273,76.24435574361638
2022-09-27,131.32245157006327,51.52465463170569,26.203347224507954,75.44787429730545
2022-09-28,126.23319598557015,49.28233300450207,25.123382323946867,75.15537069439303
2022-09-29,146.10130568879586,55.57515453747029,23.66452449347699,73.50941927896557
2022-09-30,140.13749672269253,57.3257958858574,24.652928309926494,75.80898029733777
2022-10-01,129.25739214129328,57.890531614246754,21.55449651330877,74.49969899895062
2022-10-02,129.23368661017136,48.49087590130573,23.56246226855027,76.41645221273978
2022-10-03,136.91638707468533,54.83921319989241,25.54183074510989,73.72436489900828
2022-10-04,152.95429716413028,65.4183805318984,22.363152909774048,74.83951588578311
2022-10-05,137.51597146339776,54.76746441162196,21.28121318626656,72.58929652334997
2022-10-06,127.54926022295449,52.376819477931,21.43710562792579,75.62592846896206
2022-10-07,137.5812950413975,51.84533743211837,20.643537563738093,73.46951350942388
2022-10-08,137.32943333352188,56.2166946250317,20.963806364495134,72.73167411615566
2022-10-09,117.8912728387051,46.5950763404684,21.448403741020655,77.02077608243404
2022-10-10,138.97833063519283,58.54852224111673,19.759327109495693,77.05362227974341
2022-10-11,137.50273675987992,58.56325285864622,21.754952420099336,78.93421505587705
2022-10-12,144.84861016581485,65.70813499238179,22.949163837308546,75.461938195489
2022-10-13,153.99060262747082,63.33514057062906,20.09875307401298,78.14867436021858
2022-10-14,148.12274525632654,60.226487052277115,23.604408717758268,78.74553917645146
2022-10-15,136.86169392052375,55.327830472941514,21.957262648725095,78.59547827857766
2022-10-16,130.05451519041665,50.962307197734596,22.603073101668603,74.95153617255293
2022-10-17,159.37889637546436,64.76701008057083,19.9371537926634,78.04320841751156
2022-10-18,139.14247582311978,54.77078609883083,22.07301205582018,78.85339061913866
2022-10-19,138.64832898291058,55.96471452197308,19.021296464340253,77.94753875705729
2022-10-20,138.20355965683945,59.234216469559655,21.863235296255187,71.83073696863622
2022-10-21,139.832449588837,52.91335213969588,20.655022331994463,78.73488971904024
2022-10-22,136.93569333776026,58.19391301849124,21.097310676634343,85.05330080987028
2022-10-23,133.33573071955578,57.28563748984191,18.375022180897734,77.49686458206028
2022-10-24,133.37630390237769,52.996315979977844,18.667637518261333,76.55296585433874
2022-10-25,137.307052409711,48.557256266858616,20.778798731133783,80.01635017444207
2022-10-26,133.03139643144488,51.38909261129466,18.334072166783734,79.99139191499967
2022-10-27,131.47761809263173,56.48203087673602,20.32600247177996,82.78921420421014
2022-10-28,137.82535289608742,55.061536971538324,17.456083434661117,75.59290785183398
2022-10-29,134.71962265441962,50.88994236488312,20.65568368754157,81.71486279704803
2022-10-30,148.56898422197747,57.91326892510634,17.412341290583235,81.44485835533439
2022-10-31,115.09902271721322,48.56146916639895,19.968387972429532,79.39863780679056
2022-11-01,144.80079050231262,59.56051690552919,19.958340089211553,80.99119484283688
2022-11-02,145.7916603483152,57.599867841816994,17.85587097532825,83.21208656607931
2022-11-03,118.98246596163573,46.49251314921023,19.656418181488117,82.88772322650907
2022-11-04,132.56714150648165,51.851582155461195,19.057640829752483,76.98722027033863
2022-11-05,132.06869696811302,50.060248233749704,17.74359772245454,83.0206489268369
2022-11-06,123.50432316145002,54.247856332988334,16.925229632351396,80.5083571118203
2022-11-07,128.25877340462895,50.336547954217565,15.38167607346418,81.06160403033023
2022-11-08,125.30637603166383,53.774025975142024,18.73902775570221,81.20140011706425
2022-11-09,147.9116984152575,63.72862752187036,15.757704632807124,80.66813504629246
2022-11-10,141.07448285748316,59.42472583743715,18.13973171528,84.82922822117365
2022-11-11,143.4500807616666,56.085171366512505,17.49483229946441,81.13634034096765
2022-11-12,138.732760976913,56.70429466177503,18.803522196127595,78.16035157363763
2022-11-13,123.60197368638406,49.36820265538088,17.228088567050918,80.46796441173367
2022-11-14,128.10658879892168,48.53152993737829,17.08491000810586,82.3122320408983
2022-11-15,135.87957289395598,55.3249070027472,18.57641895048867,85.58937823532088
2022-11-16,121.84294646758796,45.20005921355578,17.882367250272925,83.83455879653806
2022-11-17,136.97302253821383,58.352247180670226,17.756846847430488,79.59512802418847
2022-11-18,128.98928013174523,50.201860160802916,17.891041186564266,89.72164499772232
2022-11-19,127.55005741990692,51.623501935581295,14.790030983164492,83.17758947296501
2022-11-20,135.86704862322665,55.196683063929086,18.13657181034393,86.32443622604272
2022-11-21,133.35833866828315,52.56662054620104,17.829869121734212,82.15589928587605
2022-11-22,126.53560006051303,52.37432142863104,15.297722631141943,84.321643579108
2022-11-23,138.3114162555154,53.89985553233859,16.370038460072198,85.34820655032583
2022-11-24,119.99618987304503,50.612367841589744,16.59246619694138,86.59030022478423
2022-11-25,133.17469086978247,49.23193730717274,16.366831128734837,86.21138453446288
2022-11-26,132.58923868778155,53.41483421375185,16.988421201787062,85.7570519353011
2022-11-27,124.96011660965708,55.800833641037684,18.555666126686347,82.29396986399321
2022-11-28,129.63257402341603,48.85203563554969,17.954203916800694,81.6203195925175
2022-11-29,116.59671200053202,44.60544988863826,14.288138911014622,84.42723790452044
2022-11-30,133.57516485510217,54.97178949101762,17.116484816648597,86.3201594280363
2022-12-01,124.27640671951475,50.2493080336247,18.105711852191163,82.94144805656012
2022-12-02,121.14199285115757,49.50868743828371,16.623497666260924,86.89140979060925
2022-12-03,133.27961453569426,54.7794072047207,17.612789960171842,88.13745108346741
2022-12-04,118.812299143284,49.42908406299891,18.929840696278042,81.11174345812113
2022-12-05,112.7347454368594,48.422997700612434,17.384215547006416,81.42842385380372
2022-12-06,111.10080495889234,45.66977795434248,16.16194942040753,83.59389166460282
2022-12-07,127.9494732747202,50.456016346032456,17.297091612411105,85.01101437796262
2022-12-08,112.40180545680954,46.978443286332016,15.89041744350704,82.58494184137172
2022-12-09,136.22387125879877,60.18919430820515,15.654738174203533,88.28300352500631
2022-12-10,105.06693165428103,41.62887142256469,15.039747355204003,85.56361469858709
2022-12-11,134.8275802572571,51.007444188890915,17.862176443742975,84.4720206378537
2022-12-12,122.47448738610503,52.31103696230293,14.241818460984224,80.10544460352288
2022-12-13,119.5400606314835,47.45488076073261,17.722649562408577,80.52243008147823
2022-12-14,115.47897473590776,39.673581256321,16.130775579767377,85.3668035081494
2022-12-15,122.55326760694057,51.563572074227494,13.241159230956773,78.1770650050859
2022-12-16,118.57838782734514,45.82537057307629,15.853001319853947,87.6610030034737
2022-12-17,127.2227496453535,50.61750001122893,12.115177729680344,84.19401660293582
2022-12-18,118.82475492022557,48.525842959797274,16.16946161018295,94.4402794276137
2022-12-19,118.62582524758577,48.02182913837151,16.527330966425932,91.67439407442028
2022-12-20,114.02501807912856,47.738362683068544,14.2815454267866,84.2430535919266
2022-12-21,115.98703210132459,45.08835372882031,15.328316696989368,84.50224505108606
2022-12-22,118.41201928739163,48.9041251094849,18.049475296576947,87.8389456095667
2022-12-23,101.7737433045013,39.93085728904877,14.337198618297515,89.98974448639109
2022-12-24,104.17372062739312,43.88591969361976,13.487379002357317,79.99123734901417
2022-12-25,120.40820995501817,50.009386434046434,17.280505324031978,79.56836082851335
2022-12-26,115.33084529931749,43.32602201359321,17.986514226504024,83.08060378245206
2022-12-27,111.99296315718789,48.055131611400256,15.03515810829491,86.71119449886768
2022-12-28,113.11244516949365,43.63708773245532,16.53615211065985,86.46692382458865
2022-12-29,115.24515957550692,48.522237225046204,17.022879342988514,88.1959825278363
2022-12-30,107.64550183713845,44.16006267505941,13.891014445274786,81.39498142230113
2022-12-31,105.23590882740254,47.60891456134639,14.273226533275269,78.05008680318453
2023-01-01,112.52772300174239,44.340691253581404,16.846311769732104,87.57404258590644
2023-01-02,102.63259307038071,40.00508683979769,17.528706704389833,82.51392957319545
2023-01-03,113.22436468802445,45.23148705754659,15.849062084343895,78.93861041423114
2023-01-04,95.83674715540573,37.425159513659466,13.69094393943911,85.42185940076291
2023-01-05,117.19019331555654,49.275903032048774,17.999549225096477,87.3558301177219
2023-01-06,112.23787193321698,40.04621694797703,14.233158253805193,84.59681035298226
2023-01-07,110.00623800213907,40.84144794341657,14.539926768950652,83.57316304056774
2023-01-08,115.32135259064957,42.92513227152225,15.571516972072512,84.44940052813969
2023-01-09,120.28651347338374,50.96552816527423,17.406981014014377,83.79357623411988
2023-01-10,114.5817919963127,50.96455691627086,16.376782639518755,80.83608532081648
2023-01-11,91.24532293501365,36.184781518393045,15.740537396494378,82.70815903658931
2023-01-12,95.24270909694316,37.59061846920723,15.837927948233157,86.38509577372145
2023-01-13,99.98945752351712,40.205939498746396,15.23535136322988,85.75243642379866
2023-01-14,104.70723916771787,45.36853057491172,16.0366930137202,85.25482474047242
2023-01-15,108.15226035474568,40.47884473932655,11.436859468394939,81.72555507326936
2023-01-16,97.71963682747284,39.802961679193494,14.820306302553083,84.12396864964578
2023-01-17,104.53659059099466,44.74022912574516,15.663510282741981,78.09189563521292
2023-01-18,96.51867977097143,40.11075441820811,13.613597367730424,85.11028187520657
2023-01-19,97.19145206760697,39.445325676839026,15.960464370874162,88.81034888074468
2023-01-20,90.35486762068955,39.14508532597724,15.117391143912215,80.04748113463444
2023-01-21,93.74970830455067,29.39018644282256,18.102675007370458,82.65539015517521
2023-01-22,89.8525157660545,37.97463226501452,17.876585993317097,85.34099982926188
2023-01-23,92.39256898075247,34.99480054291872,14.868160355097363,88.0499420173142
2023-01-24,108.16553849186079,37.77431670617494,15.392627041926055,82.88172163950443
2023-01-25,91.68149053448666,38.206204012369604,15.562164345449112,82.08189189487518
2023-01-26,119.87958477666594,52.072809546155256,15.051969687044538,78.18140694614678
2023-01-27,102.31462678188554,40.51350516887114,16.08052400298712,84.32533122924316
2023-01-28,99.39817510371306,42.61789368309404,14.711228124514555,90.06541408562381
2023-01-29,90.60801101284618,41.0800391791044,14.215512025320603,84.69278160123541
2023-01-30,102.63686022819472,44.99948745203003,16.9103861582433,83.71276390945773
2023-01-31,91.99304229670987,41.71711050679813,16.987579261559826,84.66214082576707
2023-02-01,97.14237662802627,41.08333312442619,14.905838233398054,83.57633414704415
2023-02-02,116.21964952662529,46.7141607273549,17.52641297733342,81.0817320942327
2023-02-03,94.54782211251027,33.0132314093126,15.309101107413738,85.89925512058095
2023-02-04,104.09259868672831,40.89885201030148,16.71130168234841,84.01284228772096
2023-02-05,88.86002239674589,33.01426917274978,17.639131972858245,83.29206981337653
2023-02-06,93.79758537391184,44.03186230205818,16.437212404878675,80.21436285324744
2023-02-07,107.84112099277768,42.608790959814066,17.250687673549134,86.94980341413249
2023-02-08,88.26148896577568,35.674210006663735,15.876782662551456,84.92982432552081
2023-02-09,107.38473255729596,44.60834915103979,16.44145929544134,81.17103852466875
2023-02-10,98.16060801849997,39.39505054651735,16.51395817768618,85.72704040603745
2023-02-11,87.61795553837302,40.13233533664147,15.791298410903448,81.11833007145212
2023-02-12,96.80181495676737,36.85277789750359,16.73622754568978,80.15225353451257
2023-02-13,99.15373363863213,40.24531582116458,14.770461719679517,80.10415418759023
2023-02-14,95.98451830264915,36.166395563965516,16.450409181138323,76.95286958842138
2023-02-15,78.09108906596357,27.27636809272331,16.85529967160181,83.56136100168422
2023-02-16,84.48485557659947,31.958634957923937,16.995510577903673,76.53184010667653
2023-02-17,87.97719643337729,35.079768182205676,17.11636672525005,78.21640238863243
2023-02-18,89.02370355996177,34.32157475043293,17.4864353878363,75.54938386323128
2023-02-19,94.25291084620542,35.6239013988606,18.400319093414804,81.3903449012702
2023-02-20,90.38414546482092,31.93470579491287,19.09658364416908,81.06802857797152
2023-02-21,77.96152705052778,30.935294102325027,16.915356783315385,80.40740558095618
2023-02-22,91.3744490176662,32.03561848497347,16.191914133034313,78.12637264584075
2023-02-23,92.91307301632403,39.44539709759842,16.54184217148555,77.60216275237732
2023-02-24,92.20926270997981,37.131024342795435,17.48374830296027,82.3749187346989
2023-02-25,96.08686082100297,34.0620898300064,17.79773263424829,79.19132594115821
2023-02-26,93.82888243912059,36.603925744498646,17.283067559169517,81.6514978915263
2023-02-27,90.5551386596701,33.9655862470963,16.607685510368796,77.90442830819778
2023-02-28,86.0519539711283,35.37830511970886,17.98279619354086,80.95946643487306
2023-03-01,73.06464663289309,33.24720999122667,19.05551826103198,84.1806111983719
2023-03-02,89.53588886664846,30.18883813772215,19.793572901725952,81.88221152246258
2023-03-03,87.51468773229386,35.3509533303598,18.183759109080068,78.73789143442238
2023-03-04,87.78777143512762,34.634710187351125,18.520441332695103,80.59667432867997
2023-03-05,75.17089300204351,32.082377430168805,17.87107879946501,78.95159664798939
2023-03-06,76.5140292048694,31.245201566660832,19.336263612979394,79.54436259340723
2023-03-07,93.37323367403286,35.09338547439668,18.234147193065255,78.38967916311515
2023-03-08,84.42509633701964,32.812876727808,20.49088475349308,78.71800309030472
2023-03-09,89.99513290038796,33.60997558974472,17.077794435218852,79.69053734282251
2023-03-10,84.57939035952666,37.05977755960646,19.343511895074993,75.91622839656203
2023-03-11,84.40879560558709,33.827453188250665,20.461903290463848,75.68956066693477
2023-03-12,91.50316559513222,42.30483829531191,20.414165863818745,74.41135472683763
2023-03-13,79.7029874630312,31.699212543768624,24.306984342627892,73.61489437816743
2023-03-14,84.44311663475563,31.652026353170864,20.921963359156006,74.60157277045838
2023-03-15,79.82715925856208,27.389720525586352,19.021782149737415,78.56855746416184
2023-03-16,79.9090574548564,26.554203953174724,20.51600094429961,75.24764080985783
2023-03-17,80.77981658316895,27.559518804251113,18.126854715020556,79.301813123668
2023-03-18,84.90697414552618,34.764169611244924,20.803005999496442,77.6992592169557
2023-03-19,79.18521048826408,33.20025926499543,19.807618137731385,71.52298458064519
2023-03-20,92.95516748154768,32.43849488652267,22.564159929273938,79.22608360774794
2023-03-21,75.65483848422141,32.94705033591691,20.501172420402305,79.52554239640561
2023-03-22,81.22799490072303,31.042014805238896,21.28523847054047,73.94292779520376
2023-03-23,79.12511420842101,32.09042471932505,20.642411314521976,78.01588953289925
2023-03-24,94.14753199520246,42.49567468284726,24.33980194695492,74.01609913880375
2023-03-25,84.08167056667922,36.32318617426829,21.385813489086782,76.70841408241544
2023-03-26,90.71031225543332,35.47853295845584,24.753001454124494,72.45129741800298
2023-03-27,70.52621704612291,25.536910142203304,23.362176869864097,70.69449410903789
2023-03-28,84.51108449479094,27.34898759392846,23.001087210754747,74.7540645314715
2023-03-29,89.4645644390101,33.628365817876784,22.968338681791653,75.35976446015627
2023-03-30,82.98749156181876,32.56160590824442,23.143360026519556,74.36613082016221
2023-03-31,90.84363996062959,33.37591740279829,19.798712883844185,71.83513113425407
2023-04-01,78.18094965211262,30.878608959568137,22.409546129284085,74.01546378796883
2023-04-02,93.60238465672626,37.67150951156681,24.233308650406517,75.85091964070466
2023-04-03,100.7360275716542,39.61984308323745,23.029936593388914,74.7362179488823
2023-04-04,79.46826045321936,29.837296438817365,21.1331776685699,75.24630004332856
2023-04-05,78.84196073361518,32.04274830934626,23.299964430713242,72.516440515413
2023-04-06,94.07694837836723,38.95660130005512,26.072225869977768,77.87006924965532
2023-04-07,95.139212515623,34.78448777392066,25.523748735945457,70.65471603703143
2023-04-08,78.38137786717034,35.58534828610695,23.697555095813915,75.47447950393145
2023-04-09,79.27323241764314,31.413528570204473,25.354650712351123,77.3863272829249
2023-04-10,80.45974865675974,32.24044833153844,23.51435712172149,75.11257721290472
2023-04-11,72.04653066721802,30.94325553665688,21.644635806517137,72.891873335359
2023-04-12,75.54981740668897,30.919575356466094,22.94971402182261,71.74459260498988
2023-04-13,74.97156979907648,32.848037821370326,26.816319966023737,76.26827943656197
2023-04-14,76.97671623730979,31.65205899052939,24.196134818301122,68.72216967290863
2023-04-15,82.96472690445721,31.34857863786157,24.376709874109718,69.91239491489576
2023-04-16,85.24770949895786,35.18359437520145,24.426173822150943,71.46241280782075
2023-04-17,95.91842300434327,34.93619057977533,27.865725395438076,76.20106063368779
2023-04-18,75.67661878473277,30.59632663122268,27.58145281434048,73.46115985650096
2023-04-19,91.69562726077633,36.57856093237716,28.603043848420217,69.25227085165925
2023-04-20,82.27525694488013,32.28575220613443,25.167990645485247,71.06087880748862
2023-04-21,83.76605553502802,33.12080967969442,25.980967041833498,69.98511768182004
2023-04-22,89.74334926324784,30.251792568806223,23.39278640721431,69.53594523411752
2023-04-23,75.5544260812813,28.57559570928964,28.012581281187227,74.44019412315807
2023-04-24,87.7952176959907,35.396621781819626,24.174110861076258,67.22754537723678
2023-04-25,86.2755686725843,34.989796645025926,26.37867710777722,76.00945036453652
2023-04-26,89.09978901797109,32.55689018441056,24.534388722811183,73.5092609277283
2023-04-27,87.69791295113873,38.876288703049596,25.422928622155172,74.13979893398206
2023-04-28,105.25944476726436,39.505253362262245,25.175241856725325,69.32226208479938
2023-04-29,80.75563413667493,35.21062525625018,25.64321253382318,70.10639606171654
2023-04-30,81.85805242884841,34.02480405715442,25.869177860893362,66.10321716190482
2023-05-01,81.37727243215856,30.612227043332016,25.97720538414878,68.67650205812909
2023-05-02,82.18277126321605,38.19904118311496,28.17023019910294,71.58067787863887
2023-05-03,81.79943193284333,29.138862277867897,25.382394248178382,73.83857863812898
2023-05-04,96.69027496417337,41.43357250649935,27.48876263776492,66.48109142803749
2023-05-05,98.82938508614978,42.53350098858885,29.101919194706173,68.5597566062344
2023-05-06,83.19410310528292,31.265780614883234,26.62094911950766,69.05767275645525
2023-05-07,81.40338230630172,36.738748822713674,26.42832745807794,65.18112515067337
2023-05-08,92.1430507755816,36.107080766435786,27.272545994643437,71.00113155975792
2023-05-09,84.27070013900675,34.57436094344227,29.49967937144969,66.9154145561364
2023-05-10,94.07586652646354,38.411312126899084,28.131610003620825,68.36326824998044
2023-05-11,90.96680142736183,35.98379434653309,27.152549784188626,67.45743785163933
2023-05-12,77.55545376693885,33.45460632625489,28.782642266280842,66.3109503709675
2023-05-13,102.40632616986716,43.342996629603505,26.509346681081766,68.52538391126282
2023-05-14,104.74497451676187,36.65239388699021,29.28925194324881,67.76915541731545
2023-05-15,85.83400312363997,38.246621978090445,28.982990622092895,67.17182677748869
2023-05-16,87.99964888590546,30.21238359025516,28.00964266628856,65.97542091871286
2023-05-17,93.7596187185234,40.60148610043433,27.313131107104127,68.99481175638014
2023-05-18,94.52616403469882,41.19058102436228,27.338992042690485,72.87458502283226
2023-05-19,97.50295040780637,35.72828087247695,29.567563200949746,68.21299020297879
2023-05-20,108.70648207386836,42.25014996568359,30.703423326642223,70.6634139285976
2023-05-21,91.60556931670465,33.32511372122405,27.99686989842769,63.388294825826016
2023-05-22,87.03700940549786,34.170040671332934,29.731526567908663,67.91835117715452
2023-05-23,82.79689787187992,32.194656296194744,26.00273002649816,64.04130685008522
2023-05-24,88.39778335069775,37.69809493708712,28.34385057980322,62.79325374766802
2023-05-25,94.39956934123283,41.69075397485196,29.259852047337844,64.89883521931765
2023-05-26,109.44587914953277,47.96540309218298,28.025709857618164,70.58790427437708
2023-05-27,91.37870519208965,34.86497799710095,28.06737639281519,69.75987754225945
2023-05-28,97.74530374414958,38.47045587642625,28.550449758641314,67.5388652994824
2023-05-29,96.26412214229582,33.45533428025548,30.06844978988558,62.11419744858517
2023-05-30,106.34813122956328,40.12164229233675,29.42524411413262,66.02836099365845
2023-05-31,117.5067711753442,49.89726336943006,26.422980533155194,67.4296907977769
2023-06-01,93.49940631439009,42.24651099640073,26.67135773825543,66.96109872972575
2023-06-02,94.29047329972418,34.01314270424991,29.012160268119885,60.8155467059257
2023-06-03,107.02336406155001,41.03195284716133,30.676986707968965,63.59097541982959
2023-06-04,104.59361996006781,41.75823071315035,25.93512693555898,65.98728645799531
2023-06-05,114.38474608892284,46.59438191202796,29.37062534724997,67.70859696420482
2023-06-06,104.75916525539611,39.474855542393506,29.392575363497738,59.434182601357826
2023-06-07,97.69397139293524,40.349771690566364,32.32405218644386,65.46169617464645
2023-06-08,105.77789321440315,40.88963924454851,29.721465346196524,66.30539872992959
2023-06-09,110.4102686933176,44.1207506646922,30.928771234860275,68.35597626836253
2023-06-10,108.5959818568233,45.077245486740416,30.61928392768199,67.81932498077381
2023-06-11,106.58515870534367,42.653330291570285,27.262463985685308,67.42482182468127
2023-06-12,111.55842152998467,43.31421094041416,31.65932995887452,63.21640456248555
2023-06-13,112.8805186652378,44.82337805431763,30.876594828858025,59.83411850028809
2023-06-14,115.08748412364886,45.76990477184354,31.360145701843336,64.32366330090147
2023-06-15,109.72673296095087,42.78066009473397,36.52909059849653,68.45522792707314
2023-06-16,103.70958855494212,40.70744723397554,27.55329210803007,69.58103668597585
2023-06-17,106.7322131780948,47.48882678275207,33.30395838017161,67.48550554998093
2023-06-18,115.72488980112222,47.972714264272604,30.320907326694716,66.59792421116114
2023-06-19,100.05384302368226,39.13509625538543,31.215940054470607,66.40773557282527
2023-06-20,110.05727252130276,46.11377222205332,30.74723957426559,63.56225883194585
2023-06-21,104.48163133610235,40.79119406517292,30.207398782795988,64.80512751572282
2023-06-22,108.38050455525521,46.87157573486201,30.01492495783074,70.17011563974289
2023-06-23,118.9019630712614,48.66971180509884,31.38752656649277,62.3057466537078
2023-06-24,110.72839021013651,43.96944965204192,28.63875308675541,69.9511943324259
2023-06-25,110.09763565026029,45.38220503753495,32.05928731047697,64.11714233753092
2023-06-26,99.37498426211344,35.03736524863988,30.325681036161544,69.03883052292346
2023-06-27,116.75254465232032,43.32071545419872,29.269066970755265,60.82434124736263
2023-06-28,116.47591270575835,43.008590063106176,30.3009900724064,66.78770090424379
2023-06-29,129.14828811411863,52.088144529938575,32.87120810106873,62.80783424743855
2023-06-30,109.91077079390372,49.16185331601677,30.189590290293506,60.763457273205134
2023-07-01,114.65732809317616,52.556831675848365,31.53501361539852,65.65893564212773
2023-07-02,115.43055325671901,48.08637460700987,29.903269259356914,68.02878577462525
2023-07-03,126.58654485347719,52.13715136622425,32.13658644781555,62.46554609305685
2023-07-04,113.7359126714421,40.09119186611862,32.025594796269395,60.50628563351969
2023-07-05,117.26157793503737,45.27660977481289,33.76550617076246,64.73372455597283
2023-07-06,120.42332415245973,45.805978405259175,30.722138357526045,64.75583866894988
2023-07-07,117.58323613102348,45.17075165765605,31.97899156653698,66.67494718341335
2023-07-08,113.04841736189559,44.714935489003864,31.11127228862422,67.8935699899487
2023-07-09,118.70128895563602,46.06424384916303,32.893780316283944,64.88428865182074
2023-07-10,126.26531313626943,44.56822582338041,29.855169977781223,70.64973674538989
2023-07-11,109.99068234113659,46.240003704807236,32.03202160107885,65.77956219390221
2023-07-12,119.79181162517435,44.69849557285032,30.601217518958236,64.09414115306274
2023-07-13,113.65088991111229,46.178096556778364,30.773392084526133,60.32820498495541
2023-07-14,129.33443359907986,57.95602144888187,30.981382009565614,64.40732983543518
2023-07-15,108.10902111381262,40.485454670765776,31.19386853685747,64.22145423599477
2023-07-16,116.3416992326495,38.94581712482081,30.610603133183158,68.1497310165118
2023-07-17,124.34727933386317,48.88089906790494,31.07414838055104,66.6973526149565
2023-07-18,134.36809094964886,57.05011528485526,33.084090491873226,61.815750878189704
2023-07-19,121.8298671163415,54.60698920919838,32.157636045700784,65.91743626263566
2023-07-20,118.42375232862304,43.680852148091965,31.94346592758739,67.46492596663461
2023-07-21,138.42144676257854,56.85867637474098,29.914433453295644,70.0869156502492
2023-07-22,112.29213725739999,43.52092353261984,29.219638828331107,68.22063681390019
2023-07-23,106.78693073617038,42.39692723155575,31.93996997128354,67.8987660455258
2023-07-24,128.39555154634363,59.291250659588556,31.772383894190806,65.85736585210034
2023-07-25,121.3538442003371,44.03262669494938,32.61640423117727,66.90568824433184
2023-07-26,117.69189981670232,47.83797891116465,29.448316818795043,69.55565500493236
2023-07-27,132.0165994119325,54.2097192800693,29.954675080725302,61.877920227853764
2023-07-28,128.78449999334023,54.77115897215413,27.782319275343035,64.89975011943515
2023-07-29,122.80203358372013,49.414762893900736,29.59324048918256,63.70485981838895
2023-07-30,117.54887973000073,47.9437035105126,31.615076377346583,67.23718359183161
2023-07-31,135.2435729855862,52.92248349196911,29.356641130804533,69.87018627739383
2023-08-01,133.93393478107413,54.38095473616497,30.95117652168988,64.47100610372597
2023-08-02,128.40300665229734,50.3316258344267,29.636703375908937,59.17601435395962
2023-08-03,144.42914187303103,59.63637241878057,30.338493509540374,65.19782780591655
2023-08-04,121.55041250343793,47.51133399324427,28.058790298419158,69.2650119671239
2023-08-05,118.35721599302586,48.47418757891691,29.834051816193043,68.2300926566719
2023-08-06,125.47163253247459,50.100864571934906,25.143456741044943,67.9968578716867
2023-08-07,131.08271414051998,55.8112364085245,29.27177485610166,65.96987122769576
2023-08-08,133.82952241260497,53.37762779427653,27.026426089426874,63.07273784759117
2023-08-09,130.38309769816127,46.83414167464387,31.19922675791115,68.55808923600975
2023-08-10,135.55426045029344,58.00746868225935,30.472551475790976,64.61410401159087
2023-08-11,123.14486333864573,46.54074843287044,29.920783648738144,73.7763187304051
2023-08-12,145.1210675389923,56.08712799965046,31.414779895140338,69.04493343206197
2023-08-13,133.32180561345635,51.541738363252065,27.620571731344185,65.70312195161135
2023-08-14,143.31962191845034,61.45116304689259,31.573876315844224,65.7248048591205
2023-08-15,137.51935940968644,48.60072112193849,30.258239919299214,67.39622666402343
2023-08-16,138.8218319292089,64.94197837266354,28.410504265602476,67.07482273839614
2023-08-17,140.1100309294573,59.21218279898108,30.372443646890105,71.26423454394525
2023-08-18,139.51137528981673,56.474266858314174,26.91156953615754,68.59548625326339
2023-08-19,141.44292311594933,56.41248724453087,27.234584130705393,65.96591056702829
2023-08-20,147.29930999594677,59.776386222951686,27.4571950756807,73.95872247979203
2023-08-21,138.59661862801644,57.00201473634459,27.47374611548837,68.56390914758018
2023-08-22,143.0481479038838,59.154905919403696,26.577948441696027,70.85303789561118
2023-08-23,137.0031101611879,56.468057462485504,29.891451890141767,66.85428636579225
2023-08-24,149.57992286544672,60.10071118994444,27.56108962554527,69.90263285060855
2023-08-25,132.97885200150876,52.59952553968153,28.369206009726128,69.88276927694108
2023-08-26,153.12144137243433,60.7947566980132,26.874564509288128,63.41843767507574
2023-08-27,138.70941247275726,54.89904014804487,24.887427981591046,75.27290916586465
2023-08-28,127.89397469432242,54.55890016833017,27.910291831786488,73.24042614001844
2023-08-29,140.66716426640997,58.047535873406574,24.522361203148094,68.31998446871484
2023-08-30,134.48863804037245,44.97428931215614,27.172029397119616,66.34946519582266
2023-08-31,146.9494080789992,60.74746556118896,25.105477938994902,70.84524671985552
2023-09-01,135.28288161668783,54.697361230831454,30.02060243661837,70.210482551028
2023-09-02,137.20634672018605,54.82641241873673,28.287273414694557,71.1667201813991
2023-09-03,125.92367991128148,49.203916605245944,26.958239263443623,70.82522146791177
2023-09-04,137.67792377954683,58.44350767177678,28.573421932098846,71.92139557339674
2023-09-05,122.15381377868528,51.70410489784268,25.285551458638313,74.89813531712927
2023-09-06,129.11413616653942,49.327021463144945,27.24635457130502,72.41539023626109
2023-09-07,148.1011558516806,60.46161920204585,26.605944512841294,67.71824742544115
2023-09-08,148.5286247657032,56.496479702657425,26.576372636260945,75.11226041531181
2023-09-09,145.86211188980224,54.205990261554106,27.962044012293422,76.10495148779827
2023-09-10,134.9306535308504,52.09210973857027,27.024518342147857,80.79894496856356
2023-09-11,142.48450929948683,59.58098413694301,26.23026513624737,68.1330433477689
2023-09-12,143.02878876376283,60.07089064163339,23.185419077003065,72.39395825026894
2023-09-13,133.97371967661456,55.128744130937704,24.097460865793668,65.58179100454197
2023-09-14,155.44242111785536,64.35225580768613,25.222495060691745,73.65124939278097
2023-09-15,150.60025265404408,61.78863592296251,25.414932059663006,70.51180723268965
2023-09-16,141.97123790112198,54.86405037477994,23.447208854286508,78.09219433285311
2023-09-17,144.103070052528,58.93699565503303,28.627035524446192,70.16425445109606
2023-09-18,145.6954732273171,60.679417866609896,27.150522199443646,67.5875369903941
2023-09-19,127.8263174514566,53.393400970023364,25.64496332376099,71.4089764739271
2023-09-20,142.3058865840948,60.48909474806185,24.715179732970714,67.06463113504222
2023-09-21,138.94183248532698,57.70164453573398,24.15367335840971,75.41331484694514
2023-09-22,136.49040934468053,55.650508360496964,22.9085353139836,67.13423460620986
2023-09-23,142.3514653038225,60.15103683647828,24.31666396453552,73.58481876010293
2023-09-24,159.06986908955477,63.54838385807473,24.4507464624877,67.43641747508944
2023-09-25,149.8944183381285,57.31214338156825,22.064835933541552,72.8797605904351
2023-09-26,140.26871239974352,55.618284068066124,24.291825735730335,78.94193308008488
2023-09-27,149.48042930347435,57.557463786970395,23.42052258940628,75.26517972100314
